{"Point0": [1.5, -0.25], "Point1": [21.099999999999994, -0.25], "Point2": [21.099999999999994, 1.75], "Point3": [1.5, 1.75], "Point4": [1.5, 3.75], "Point5": [21.099999999999994, 3.75], "Point6": [21.099999999999994, 5.75], "Point7": [1.5, 5.75], "Point8": [1.5, 7.75], "Point9": [21.099999999999994, 7.75], "Point10": [21.099999999999994, 9.75], "Point11": [1.5, 9.75], "Point12": [1.5, 11.75], "Point13": [21.099999999999994, 11.75], "Point14": [21.099999999999994, 13.75], "Point15": [1.5, 13.75], "Point16": [1.5, 15.75], "Point17": [21.099999999999994, 15.75], "Point18": [21.099999999999994, 17.75], "Point19": [1.5, 17.75]}