{"Point0": [1.5, 0.04999999999999993], "Point1": [9.299999999999997, 0.04999999999999993], "Point2": [9.299999999999997, 2.85], "Point3": [1.5, 2.85], "Point4": [1.5, 5.6499999999999995], "Point5": [9.299999999999997, 5.6499999999999995], "Point6": [9.299999999999997, 8.45], "Point7": [1.5, 8.45], "Point8": [1.5, 11.249999999999998], "Point9": [9.299999999999997, 11.249999999999998]}